Workbook

Sheet README
A1: GEX / Dealer Positioning — Worked Example
A3: PURPOSE
A4: Build intuition for how Net GEX charts (Menthor Q, SpotGamma, VolSignals) are constructed.
A5: Every number is a formula. Change blue inputs on 'Inputs' sheet and watch the profile update.
A7: SHEETS
A8: 1. Inputs - Spot, IV, rate, time to expiry, dealer sign convention. Edit blue cells.
A9: 2. Option Chain - 21 strikes around spot. Shows Black-Scholes gamma per contract, dollar gamma, and signed GEX.
A10: 3. GEX Profile - Cumulative GEX by strike (the yellow line on the Menthor Q chart). Zero-gamma flip highlighted.
A11: 4. Regime Rules - What each regime implies for trading behavior.
A12: 5. Other Greeks - Charm, vanna, volga formulas with worked values at 3 sample strikes.
A14: KEY FORMULAS
A15: Gamma per share = NORM.S.DIST(d1, FALSE) / (S * sigma * SQRT(T))
... A29: Green text = cross-sheet link

Sheet Inputs
A1: Market Inputs & Assumptions
A3: Parameter | B3: Value | C3: Notes
A4: Spot (S) | B4: 7100 | C4: Current SPX level
A5: Implied volatility (sigma) | B5: 0.15 | C5: Annualized. 15% = roughly VIX 15 for ATM
A6: Risk-free rate (r) | B6: 0.04 | C6: Annualized
A7: Days to expiry | B7: 30 | C7: Calendar days
A8: Time to expiry (T) | B8: =B7/365 -> 0.082191781 | C8: In years
A10: Contract multiplier | B10: 100 | C10: SPX index options = 100
A11: Strike spacing | B11: 50 | C11: SPX trades in 5pt, but 25/50 widely used
A12: Center strike | B12: =MROUND(B4,B11) -> 7100 | C12: Nearest strike to spot
A14: Dealer sign convention: +1 if dealers assumed short calls / long puts (standard) | B14: 1 | C14: Flip to -1 to test sensitivity
A16: Quick sanity checks:
A17: VIX implied (sigma * 100) | B17: =B5*100 -> 15
A18: 1-std-dev 30d move (pts) | B18: =B4*B5*SQRT(B8) -> 305.32601
A19: 1-std-dev 30d move (%) | B19: =B5*SQRT(B8) -> 0.043003663

Sheet Option Chain
A1: Synthetic SPX Option Chain — Single Expiry
A2: 21 strikes centered on the nearest strike to spot. Edit blue OI cells to reshape the GEX profile.
A4: Strike | B4: Call OI | C4: Put OI | D4: d1 | E4: N'(d1) | F4: Gamma/sh | G4: Call $Γ/ctr | H4: Put $Γ/ctr | I4: Call $GEX (M) | J4: Put $GEX (M)
A5: =Inputs!$B$12+(0-10)*Inputs!$B$11 -> 6600 | B5: 947 | C5: 15666 | D5: =(LN(Inputs!$B$4/A5)+(Inputs!$B$6+Inputs!$B$5^2/2)*Inputs!$B$8)/(Inputs!$B$5*SQRT(Inputs!$B$8)) -> 1.7960671 | E5: =EXP(-D5^2/2)/SQRT(2*PI()) -> 2.0016862 | F5: =E5/(Inputs!$B$4*Inputs!$B$5*SQRT(Inputs!$B$8)) -> 0.0065558981 | G5: =F5*Inputs!$B$10*Inputs!$B$4^2*0.01 -> 330482.82 | H5: =G5 -> 330482.82 | I5: =-Inputs!$B$14*B5*G5/1000000 -> -312.96723 | J5: =+Inputs!$B$14*C5*H5/1000000 -> 5177.3439
A6: =Inputs!$B$12+(1-10)*Inputs!$B$11 -> 6650 | B6: 1107 | C6: 15015 | D6: =(LN(Inputs!$B$4/A6)+(Inputs!$B$6+Inputs!$B$5^2/2)*Inputs!$B$8)/(Inputs!$B$5*SQRT(Inputs!$B$8)) -> 1.6205656 | E6: =EXP(-D6^2/2)/SQRT(2*PI()) -> 1.4831644 | F6: =E6/(Inputs!$B$4*Inputs!$B$5*SQRT(Inputs!$B$8)) -> 0.0048576419 | G6: =F6*Inputs!$B$10*Inputs!$B$4^2*0.01 -> 244873.73 | H6: =G6 -> 244873.73 | I6: =-Inputs!$B$14*B6*G6/1000000 -> -271.07521 | J6: =+Inputs!$B$14*C6*H6/1000000 -> 3676.779
A7: =Inputs!$B$12+(2-10)*Inputs!$B$11 -> 6700 | B7: 2037 | C7: 29021 | D7: =(LN(Inputs!$B$4/A7)+(Inputs!$B$6+Inputs!$B$5^2/2)*Inputs!$B$8)/(Inputs!$B$5*SQRT(Inputs!$B$8)) -> 1.4463788 | E7: =EXP(-D7^2/2)/SQRT(2*PI()) -> 1.1354934 | F7: =E7/(Inputs!$B$4*Inputs!$B$5*SQRT(Inputs!$B$8)) -> 0.003718954 | G7: =F7*Inputs!$B$10*Inputs!$B$4^2*0.01 -> 187472.47 | H7: =G7 -> 187472.47 | I7: =-Inputs!$B$14*B7*G7/1000000 -> -381.88142 | J7: =+Inputs!$B$14*C7*H7/1000000 -> 5440.6386
A8: =Inputs!$B$12+(3-10)*Inputs!$B$11 -> 6750 | B8: 1023 | C8: 16261 | D8: =(LN(Inputs!$B$4/A8)+(Inputs!$B$6+Inputs!$B$5^2/2)*Inputs!$B$8)/(Inputs!$B$5*SQRT(Inputs!$B$8)) -> 1.273487 | E8: =EXP(-D8^2/2)/SQRT(2*PI()) -> 0.8975792 | F8: =E8/(Inputs!$B$4*Inputs!$B$5*SQRT(Inputs!$B$8)) -> 0.0029397404 | G8: =F8*Inputs!$B$10*Inputs!$B$4^2*0.01 -> 148192.31 | H8: =G8 -> 148192.31 | I8: =-Inputs!$B$14*B8*G8/1000000 -> -151.60074 | J8: =+Inputs!$B$14*C8*H8/1000000 -> 2409.7552
A9: =Inputs!$B$12+(4-10)*Inputs!$B$11 -> 6800 | B9: 1067 | C9: 33421 | D9: =(LN(Inputs!$B$4/A9)+(Inputs!$B$6+Inputs!$B$5^2/2)*Inputs!$B$8)/(Inputs!$B$5*SQRT(Inputs!$B$8)) -> 1.1018713 | E9: =EXP(-D9^2/2)/SQRT(2*PI()) -> 0.73207054 | F9: =E9/(Inputs!$B$4*Inputs!$B$5*SQRT(Inputs!$B$8)) -> 0.0023976684 | G9: =F9*Inputs!$B$10*Inputs!$B$4^2*0.01 -> 120866.47 | H9: =G9 -> 120866.47 | I9: =-Inputs!$B$14*B9*G9/1000000 -> -128.96452 | J9: =+Inputs!$B$14*C9*H9/1000000 -> 4039.4782
A10: =Inputs!$B$12+(5-10)*Inputs!$B$11 -> 6850 | B10: 1415 | C10: 12829 | D10: =(LN(Inputs!$B$4/A10)+(Inputs!$B$6+Inputs!$B$5^2/2)*Inputs!$B$8)/(Inputs!$B$5*SQRT(Inputs!$B$8)) -> 0.93151274 | E10: =EXP(-D10^2/2)/SQRT(2*PI()) -> 0.61564761 | F10: =E10/(Inputs!$B$4*Inputs!$B$5*SQRT(Inputs!$B$8)) -> 0.0020163615 | G10: =F10*Inputs!$B$10*Inputs!$B$4^2*0.01 -> 101644.78 | H10: =G10 -> 101644.78 | I10: =-Inputs!$B$14*B10*G10/1000000 -> -143.82737 | J10: =+Inputs!$B$14*C10*H10/1000000 -> 1304.0009
A11: =Inputs!$B$12+(6-10)*Inputs!$B$11 -> 6900 | B11: 4785 | C11: 26880 | D11: =(LN(Inputs!$B$4/A11)+(Inputs!$B$6+Inputs!$B$5^2/2)*Inputs!$B$8)/(Inputs!$B$5*SQRT(Inputs!$B$8)) -> 0.76239321 | E11: =EXP(-D11^2/2)/SQRT(2*PI()) -> 0.533489 | F11: =E11/(Inputs!$B$4*Inputs!$B$5*SQRT(Inputs!$B$8)) -> 0.0017472766 | G11: =F11*Inputs!$B$10*Inputs!$B$4^2*0.01 -> 88080.215 | H11: =G11 -> 88080.215 | I11: =-Inputs!$B$14*B11*G11/1000000 -> -421.46383 | J11: =+Inputs!$B$14*C11*H11/1000000 -> 2367.5962
A12: =Inputs!$B$12+(7-10)*Inputs!$B$11 -> 6950 | B12: 3464 | C12: 11393 | D12: =(LN(Inputs!$B$4/A12)+(Inputs!$B$6+Inputs!$B$5^2/2)*Inputs!$B$8)/(Inputs!$B$5*SQRT(Inputs!$B$8)) -> 0.59449478 | E12: =EXP(-D12^2/2)/SQRT(2*PI()) -> 0.4760528 | F12: =E12/(Inputs!$B$4*Inputs!$B$5*SQRT(Inputs!$B$8)) -> 0.0015591623 | G12: =F12*Inputs!$B$10*Inputs!$B$4^2*0.01 -> 78597.37 | H12: =G12 -> 78597.37 | I12: =-Inputs!$B$14*B12*G12/1000000 -> -272.26129 | J12: =+Inputs!$B$14*C12*H12/1000000 -> 895.45984
A13: =Inputs!$B$12+(8-10)*Inputs!$B$11 -> 7000 | B13: 5378 | C13: 12590 | D13: =(LN(Inputs!$B$4/A13)+(Inputs!$B$6+Inputs!$B$5^2/2)*Inputs!$B$8)/(Inputs!$B$5*SQRT(Inputs!$B$8)) -> 0.42779992 | E13: =EXP(-D13^2/2)/SQRT(2*PI()) -> 0.43717044 | F13: =E13/(Inputs!$B$4*Inputs!$B$5*SQRT(Inputs!$B$8)) -> 0.0014318152 | G13: =F13*Inputs!$B$10*Inputs!$B$4^2*0.01 -> 72177.806 | H13: =G13 -> 72177.806 | I13: =-Inputs!$B$14*B13*G13/1000000 -> -388.17224 | J13: =+Inputs!$B$14*C13*H13/1000000 -> 908.71858
A14: =Inputs!$B$12+(9-10)*Inputs!$B$11 -> 7050 | B14: 6696 | C14: 9326 | D14: =(LN(Inputs!$B$4/A14)+(Inputs!$B$6+Inputs!$B$5^2/2)*Inputs!$B$8)/(Inputs!$B$5*SQRT(Inputs!$B$8)) -> 0.26229151 | E14: =EXP(-D14^2/2)/SQRT(2*PI()) -> 0.41290402 | F14: =E14/(Inputs!$B$4*Inputs!$B$5*SQRT(Inputs!$B$8)) -> 0.0013523382 | G14: =F14*Inputs!$B$10*Inputs!$B$4^2*0.01 -> 68171.367 | H14: =G14 -> 68171.367 | I14: =-Inputs!$B$14*B14*G14/1000000 -> -456.47547 | J14: =+Inputs!$B$14*C14*H14/1000000 -> 635.76617
A15: =Inputs!$B$12+(10-10)*Inputs!$B$11 -> 7100 | B15: 9143 | C15: 6911 | D15: =(LN(Inputs!$B$4/A15)+(Inputs!$B$6+Inputs!$B$5^2/2)*Inputs!$B$8)/(Inputs!$B$5*SQRT(Inputs!$B$8)) -> 0.097952789 | E15: =EXP(-D15^2/2)/SQRT(2*PI()) -> 0.40086075 | F15: =E15/(Inputs!$B$4*Inputs!$B$5*SQRT(Inputs!$B$8)) -> 0.0013128942 | G15: =F15*Inputs!$B$10*Inputs!$B$4^2*0.01 -> 66182.998 | H15: =G15 -> 66182.998 | I15: =-Inputs!$B$14*B15*G15/1000000 -> -605.11115 | J15: =+Inputs!$B$14*C15*H15/1000000 -> 457.3907
A16: =Inputs!$B$12+(11-10)*Inputs!$B$11 -> 7150 | B16: 10660 | C16: 6131 | D16: =(LN(Inputs!$B$4/A16)+(Inputs!$B$6+Inputs!$B$5^2/2)*Inputs!$B$8)/(Inputs!$B$5*SQRT(Inputs!$B$8)) -> -0.065232672 | E16: =EXP(-D16^2/2)/SQRT(2*PI()) -> 0.39979199 | F16: =E16/(Inputs!$B$4*Inputs!$B$5*SQRT(Inputs!$B$8)) -> 0.0013093938 | G16: =F16*Inputs!$B$10*Inputs!$B$4^2*0.01 -> 66006.543 | H16: =G16 -> 66006.543 | I16: =-Inputs!$B$14*B16*G16/1000000 -> -703.62975 | J16: =+Inputs!$B$14*C16*H16/1000000 -> 404.68611
A17: =Inputs!$B$12+(12-10)*Inputs!$B$11 -> 7200 | B17: 9915 | C17: 4586 | D17: =(LN(Inputs!$B$4/A17)+(Inputs!$B$6+Inputs!$B$5^2/2)*Inputs!$B$8)/(Inputs!$B$5*SQRT(Inputs!$B$8)) -> -0.22728094 | E17: =EXP(-D17^2/2)/SQRT(2*PI()) -> 0.40938051 | F17: =E17/(Inputs!$B$4*Inputs!$B$5*SQRT(Inputs!$B$8)) -> 0.001340798 | G17: =F17*Inputs!$B$10*Inputs!$B$4^2*0.01 -> 67589.628 | H17: =G17 -> 67589.628 | I17: =-Inputs!$B$14*B17*G17/1000000 -> -670.15116 | J17: =+Inputs!$B$14*C17*H17/1000000 -> 309.96603
A18: =Inputs!$B$12+(13-10)*Inputs!$B$11 -> 7250 | B18: 11711 | C18: 4275 | D18: =(LN(Inputs!$B$4/A18)+(Inputs!$B$6+Inputs!$B$5^2/2)*Inputs!$B$8)/(Inputs!$B$5*SQRT(Inputs!$B$8)) -> -0.38820776 | E18: =EXP(-D18^2/2)/SQRT(2*PI()) -> 0.43016523 | F18: =E18/(Inputs!$B$4*Inputs!$B$5*SQRT(Inputs!$B$8)) -> 0.0014088719 | G18: =F18*Inputs!$B$10*Inputs!$B$4^2*0.01 -> 71021.231 | H18: =G18 -> 71021.231 | I18: =-Inputs!$B$14*B18*G18/1000000 -> -831.72963 | J18: =+Inputs!$B$14*C18*H18/1000000 -> 303.61576
A19: =Inputs!$B$12+(14-10)*Inputs!$B$11 -> 7300 | B19: 22135 | C19: 5015 | D19: =(LN(Inputs!$B$4/A19)+(Inputs!$B$6+Inputs!$B$5^2/2)*Inputs!$B$8)/(Inputs!$B$5*SQRT(Inputs!$B$8)) -> -0.54802855 | E19: =EXP(-D19^2/2)/SQRT(2*PI()) -> 0.46358251 | F19: =E19/(Inputs!$B$4*Inputs!$B$5*SQRT(Inputs!$B$8)) -> 0.0015183198 | G19: =F19*Inputs!$B$10*Inputs!$B$4^2*0.01 -> 76538.499 | H19: =G19 -> 76538.499 | I19: =-Inputs!$B$14*B19*G19/1000000 -> -1694.1797 | J19: =+Inputs!$B$14*C19*H19/1000000 -> 383.84057
A20: =Inputs!$B$12+(15-10)*Inputs!$B$11 -> 7350 | B20: 15234 | C20: 1562 | D20: =(LN(Inputs!$B$4/A20)+(Inputs!$B$6+Inputs!$B$5^2/2)*Inputs!$B$8)/(Inputs!$B$5*SQRT(Inputs!$B$8)) -> -0.7067584 | E20: =EXP(-D20^2/2)/SQRT(2*PI()) -> 0.51212589 | F20: =E20/(Inputs!$B$4*Inputs!$B$5*SQRT(Inputs!$B$8)) -> 0.0016773084 | G20: =F20*Inputs!$B$10*Inputs!$B$4^2*0.01 -> 84553.117 | H20: =G20 -> 84553.117 | I20: =-Inputs!$B$14*B20*G20/1000000 -> -1288.0822 | J20: =+Inputs!$B$14*C20*H20/1000000 -> 132.07197
A21: =Inputs!$B$12+(16-10)*Inputs!$B$11 -> 7400 | B21: 34588 | C21: 1077 | D21: =(LN(Inputs!$B$4/A21)+(Inputs!$B$6+Inputs!$B$5^2/2)*Inputs!$B$8)/(Inputs!$B$5*SQRT(Inputs!$B$8)) -> -0.86441211 | E21: =EXP(-D21^2/2)/SQRT(2*PI()) -> 0.57964792 | F21: =E21/(Inputs!$B$4*Inputs!$B$5*SQRT(Inputs!$B$8)) -> 0.0018984558 | G21: =F21*Inputs!$B$10*Inputs!$B$4^2*0.01 -> 95701.155 | H21: =G21 -> 95701.155 | I21: =-Inputs!$B$14*B21*G21/1000000 -> -3310.1116 | J21: =+Inputs!$B$14*C21*H21/1000000 -> 103.07014
A22: =Inputs!$B$12+(17-10)*Inputs!$B$11 -> 7450 | B22: 14081 | C22: 1075 | D22: =(LN(Inputs!$B$4/A22)+(Inputs!$B$6+Inputs!$B$5^2/2)*Inputs!$B$8)/(Inputs!$B$5*SQRT(Inputs!$B$8)) -> -1.0210042 | E22: =EXP(-D22^2/2)/SQRT(2*PI()) -> 0.6718543 | F22: =E22/(Inputs!$B$4*Inputs!$B$5*SQRT(Inputs!$B$8)) -> 0.002200449 | G22: =F22*Inputs!$B$10*Inputs!$B$4^2*0.01 -> 110924.63 | H22: =G22 -> 110924.63 | I22: =-Inputs!$B$14*B22*G22/1000000 -> -1561.9297 | J22: =+Inputs!$B$14*C22*H22/1000000 -> 119.24398
A23: =Inputs!$B$12+(18-10)*Inputs!$B$11 -> 7500 | B23: 31876 | C23: 1972 | D23: =(LN(Inputs!$B$4/A23)+(Inputs!$B$6+Inputs!$B$5^2/2)*Inputs!$B$8)/(Inputs!$B$5*SQRT(Inputs!$B$8)) -> -1.1765488 | E23: =EXP(-D23^2/2)/SQRT(2*PI()) -> 0.79707618 | F23: =E23/(Inputs!$B$4*Inputs!$B$5*SQRT(Inputs!$B$8)) -> 0.0026105741 | G23: =F23*Inputs!$B$10*Inputs!$B$4^2*0.01 -> 131599.04 | H23: =G23 -> 131599.04 | I23: =-Inputs!$B$14*B23*G23/1000000 -> -4194.8511 | J23: =+Inputs!$B$14*C23*H23/1000000 -> 259.51331
A24: =Inputs!$B$12+(19-10)*Inputs!$B$11 -> 7550 | B24: 16264 | C24: 1087 | D24: =(LN(Inputs!$B$4/A24)+(Inputs!$B$6+Inputs!$B$5^2/2)*Inputs!$B$8)/(Inputs!$B$5*SQRT(Inputs!$B$8)) -> -1.3310599 | E24: =EXP(-D24^2/2)/SQRT(2*PI()) -> 0.96746276 | F24: =E24/(Inputs!$B$4*Inputs!$B$5*SQRT(Inputs!$B$8)) -> 0.0031686221 | G24: =F24*Inputs!$B$10*Inputs!$B$4^2*0.01 -> 159730.24 | H24: =G24 -> 159730.24 | I24: =-Inputs!$B$14*B24*G24/1000000 -> -2597.8527 | J24: =+Inputs!$B$14*C24*H24/1000000 -> 173.62677
A25: =Inputs!$B$12+(20-10)*Inputs!$B$11 -> 7600 | B25: 17254 | C25: 939 | D25: =(LN(Inputs!$B$4/A25)+(Inputs!$B$6+Inputs!$B$5^2/2)*Inputs!$B$8)/(Inputs!$B$5*SQRT(Inputs!$B$8)) -> -1.4845511 | E25: =EXP(-D25^2/2)/SQRT(2*PI()) -> 1.2008233 | F25: =E25/(Inputs!$B$4*Inputs!$B$5*SQRT(Inputs!$B$8)) -> 0.0039329217 | G25: =F25*Inputs!$B$10*Inputs!$B$4^2*0.01 -> 198258.58 | H25: =G25 -> 198258.58 | I25: =-Inputs!$B$14*B25*G25/1000000 -> -3420.7536 | J25: =+Inputs!$B$14*C25*H25/1000000 -> 186.16481
A27: TOTALS | B27: =SUM(B5:B25) -> 220780 | C27: =SUM(C5:C25) -> 217032 | I27: =SUM(I5:I25) -> -23807.071 | J27: =SUM(J5:J25) -> 29688.727

Sheet GEX Profile
A1: Net GEX Profile — Cumulative Dealer Gamma by Strike
A2: The yellow line on a Menthor Q chart is the cumulative sum of net GEX from lowest strike upward.
A4: Strike | B4: Call $GEX (M) | C4: Put $GEX (M) | D4: Net $GEX (M) | E4: Distance to Spot | F4: Cumulative GEX (M) | G4: |Cumulative|
A5: ='Option Chain'!A5 -> 6600 | B5: ='Option Chain'!I5 -> -312.96723 | C5: ='Option Chain'!J5 -> 5177.3439 | D5: =B5+C5 -> 4864.3767 | E5: =A5-Inputs!$B$4 -> -500 | F5: =D5 -> 4864.3767 | G5: =ABS(F5) -> 4864.3767
A6: ='Option Chain'!A6 -> 6650 | B6: ='Option Chain'!I6 -> -271.07521 | C6: ='Option Chain'!J6 -> 3676.779 | D6: =B6+C6 -> 3405.7038 | E6: =A6-Inputs!$B$4 -> -450 | F6: =F5+D6 -> 8270.0804 | G6: =ABS(F6) -> 8270.0804
A7: ='Option Chain'!A7 -> 6700 | B7: ='Option Chain'!I7 -> -381.88142 | C7: ='Option Chain'!J7 -> 5440.6386 | D7: =B7+C7 -> 5058.7572 | E7: =A7-Inputs!$B$4 -> -400 | F7: =F6+D7 -> 13328.838 | G7: =ABS(F7) -> 13328.838
A8: ='Option Chain'!A8 -> 6750 | B8: ='Option Chain'!I8 -> -151.60074 | C8: ='Option Chain'!J8 -> 2409.7552 | D8: =B8+C8 -> 2258.1545 | E8: =A8-Inputs!$B$4 -> -350 | F8: =F7+D8 -> 15586.992 | G8: =ABS(F8) -> 15586.992
A9: ='Option Chain'!A9 -> 6800 | B9: ='Option Chain'!I9 -> -128.96452 | C9: ='Option Chain'!J9 -> 4039.4782 | D9: =B9+C9 -> 3910.5137 | E9: =A9-Inputs!$B$4 -> -300 | F9: =F8+D9 -> 19497.506 | G9: =ABS(F9) -> 19497.506
A10: ='Option Chain'!A10 -> 6850 | B10: ='Option Chain'!I10 -> -143.82737 | C10: ='Option Chain'!J10 -> 1304.0009 | D10: =B10+C10 -> 1160.1736 | E10: =A10-Inputs!$B$4 -> -250 | F10: =F9+D10 -> 20657.679 | G10: =ABS(F10) -> 20657.679
A11: ='Option Chain'!A11 -> 6900 | B11: ='Option Chain'!I11 -> -421.46383 | C11: ='Option Chain'!J11 -> 2367.5962 | D11: =B11+C11 -> 1946.1323 | E11: =A11-Inputs!$B$4 -> -200 | F11: =F10+D11 -> 22603.812 | G11: =ABS(F11) -> 22603.812
A12: ='Option Chain'!A12 -> 6950 | B12: ='Option Chain'!I12 -> -272.26129 | C12: ='Option Chain'!J12 -> 895.45984 | D12: =B12+C12 -> 623.19855 | E12: =A12-Inputs!$B$4 -> -150 | F12: =F11+D12 -> 23227.01 | G12: =ABS(F12) -> 23227.01
A13: ='Option Chain'!A13 -> 7000 | B13: ='Option Chain'!I13 -> -388.17224 | C13: ='Option Chain'!J13 -> 908.71858 | D13: =B13+C13 -> 520.54634 | E13: =A13-Inputs!$B$4 -> -100 | F13: =F12+D13 -> 23747.557 | G13: =ABS(F13) -> 23747.557
A14: ='Option Chain'!A14 -> 7050 | B14: ='Option Chain'!I14 -> -456.47547 | C14: ='Option Chain'!J14 -> 635.76617 | D14: =B14+C14 -> 179.2907 | E14: =A14-Inputs!$B$4 -> -50 | F14: =F13+D14 -> 23926.847 | G14: =ABS(F14) -> 23926.847
A15: ='Option Chain'!A15 -> 7100 | B15: ='Option Chain'!I15 -> -605.11115 | C15: ='Option Chain'!J15 -> 457.3907 | D15: =B15+C15 -> -147.72045 | E15: =A15-Inputs!$B$4 -> 0 | F15: =F14+D15 -> 23779.127 | G15: =ABS(F15) -> 23779.127
A16: ='Option Chain'!A16 -> 7150 | B16: ='Option Chain'!I16 -> -703.62975 | C16: ='Option Chain'!J16 -> 404.68611 | D16: =B16+C16 -> -298.94363 | E16: =A16-Inputs!$B$4 -> 50 | F16: =F15+D16 -> 23480.183 | G16: =ABS(F16) -> 23480.183
A17: ='Option Chain'!A17 -> 7200 | B17: ='Option Chain'!I17 -> -670.15116 | C17: ='Option Chain'!J17 -> 309.96603 | D17: =B17+C17 -> -360.18513 | E17: =A17-Inputs!$B$4 -> 100 | F17: =F16+D17 -> 23119.998 | G17: =ABS(F17) -> 23119.998
... A25: ='Option Chain'!A25 -> 7600 | B25: ='Option Chain'!I25 -> -3420.7536 | C25: ='Option Chain'!J25 -> 186.16481 | D25: =B25+C25 -> -3234.5888 | E25: =A25-Inputs!$B$4 -> 500 | F25: =F24+D25 -> 5881.6552 | G25: =ABS(F25) -> 5881.6552
A28: Key Level Summary
A29: Spot (S) | B29: =Inputs!B4 -> 7100
A30: Total Net $GEX (M) | B30: =SUM(D5:D25) -> 5881.6552
A31: Gamma Regime | B31: =IF(B30>0,"POSITIVE (dampening, mean-reverting)","NEGATIVE (amplifying, trending/gappy)") -> POSITIVE (dampening, mean-reverting)
A32: Largest Call $GEX strike (Call Wall) | B32: =INDEX(A5:A25,MATCH(MIN(B5:B25),B5:B25,0)) -> 7500 | C32: (most negative call GEX = biggest short-call dealer exposure above)
A33: Largest Put $GEX strike (Put Wall) | B33: =INDEX(A5:A25,MATCH(MAX(C5:C25),C5:C25,0)) -> 6700 | C33: (most positive put GEX = biggest long-put dealer exposure below)
A34: Zero-Gamma Strike (approx) | B34: =INDEX(A5:A25,MATCH(MIN(G5:G25),G5:G25,0)) -> 6600 | C34: (strike where yellow cumulative line crosses zero)

Sheet Regime Rules
A1: Gamma Regime → Expected Market Behavior
A3: Regime | B3: Dealer hedging behavior | C3: What to expect / how to trade
A4: Positive gamma (spot > 0γ) | B4: Dealers long gamma. Sell rallies, buy dips to stay delta-flat. | C4: Compressed realized vol. Mean reversion intraday. Pinning near big OI strikes. Favors premium selling, iron condors, fading extremes. Bad for breakout/momentum trades.
A5: Negative gamma (spot < 0γ) | B5: Dealers short gamma. Buy rallies, sell dips -> amplifies moves. | C5: Expanded realized vol. Trending and gap moves. Crashes accelerate. Widen stops. Favors directional trades, long premium, long vol. Dangerous to fade.
A6: Near gamma flip | B6: Small moves can flip the sign of dealer hedging. | C6: Most unstable regime. Expect regime-dependent whipsaws. Reduce size.
A7: Approaching call wall from below | B7: Short-call dealers sell into rally (supply). | C7: Expect resistance. Fading rallies just below the wall historically works, but requires a catalyst to break through.
A8: Approaching put wall from above | B8: Long-put dealers buy into sell-off (demand). | C8: Expect support. But if it breaks, dealer delta flips: support becomes trapdoor (the classic gamma unclench).
A9: OPEX Friday in positive gamma | B9: Charm decay pulls delta to zero as options expire worthless. | C9: Strong pinning to the largest OI strike. 0DTE flow can dominate last 2 hours.
A10: VIX dropping after a fear spike | B10: Vanna: short-put dealers buy SPX as put deltas shrink. | C10: 'Vol crush rally.' SPX drifts up on no news. Don't short the melt-up.

Sheet Other Greeks
A1: Charm, Vanna, Volga — Worked Values at 3 Strikes
A2: Same S, sigma, r, T as Inputs. Three sample strikes below, at, and above spot.
A4: Quantity | B4: K = S - 200 | C4: K = S (ATM) | D4: K = S + 200 | E4: Interpretation
A5: Strike (K) | B5: =Inputs!B4-200 -> 6900 | C5: =Inputs!B4 -> 7100 | D5: =Inputs!B4+200 -> 7300 | E5: Three sample strikes
A6: d1 | B6: =(LN(Inputs!$B$4/B5)+(Inputs!$B$6+Inputs!$B$5^2/2)*Inputs!$B$8)/(Inputs!$B$5*SQRT(Inputs!$B$8)) -> 0.76239321 | C6: =(LN(Inputs!$B$4/C5)+(Inputs!$B$6+Inputs!$B$5^2/2)*Inputs!$B$8)/(Inputs!$B$5*SQRT(Inputs!$B$8)) -> 0.097952789 | D6: =(LN(Inputs!$B$4/D5)+(Inputs!$B$6+Inputs!$B$5^2/2)*Inputs!$B$8)/(Inputs!$B$5*SQRT(Inputs!$B$8)) -> -0.54802855 | E6: (LN(S/K) + (r+σ²/2)T) / (σ√T)
A7: d2 = d1 - σ√T | B7: =B6-Inputs!$B$5*SQRT(Inputs!$B$8) -> 0.71938955 | C7: =C6-Inputs!$B$5*SQRT(Inputs!$B$8) -> 0.054949125 | D7: =D6-Inputs!$B$5*SQRT(Inputs!$B$8) -> -0.59103221
A8: N'(d1) = φ(d1) | B8: =EXP(-B6^2/2)/SQRT(2*PI()) -> 0.533489 | C8: =EXP(-C6^2/2)/SQRT(2*PI()) -> 0.40086075 | D8: =EXP(-D6^2/2)/SQRT(2*PI()) -> 0.46358251
A10: GAMMA per share | B10: =B8/(Inputs!$B$4*Inputs!$B$5*SQRT(Inputs!$B$8)) -> 0.0017472766 | C10: =C8/(Inputs!$B$4*Inputs!$B$5*SQRT(Inputs!$B$8)) -> 0.0013128942 | D10: =D8/(Inputs!$B$4*Inputs!$B$5*SQRT(Inputs!$B$8)) -> 0.0015183198 | E10: Highest ATM. Rate of change of delta per $1 spot move.
A12: VEGA per share (per 1.00 vol) | B12: =Inputs!$B$4*B8*SQRT(Inputs!$B$8) -> 1085.9205 | C12: =Inputs!$B$4*C8*SQRT(Inputs!$B$8) -> 815.95476 | D12: =Inputs!$B$4*D8*SQRT(Inputs!$B$8) -> 943.62533 | E12: S·φ(d1)·√T. Divide by 100 for 'per 1 vol point'.
A13: VANNA per share (dΔ/dσ) | B13: =-B8*B7/Inputs!$B$5 -> -2.5585761 | C13: =-C8*C7/Inputs!$B$5 -> -0.14684632 | D13: =-D8*D7/Inputs!$B$5 -> 1.8266147 | E13: How call delta changes when IV changes. Drives vol-crush rallies.
A14: CHARM per share / year (dΔ/dt) | B14: =-B8*(2*Inputs!$B$6*Inputs!$B$8-B7*Inputs!$B$5*SQRT(Inputs!$B$8))/(2*Inputs!$B$8*Inputs!$B$5*SQRT(Inputs!$B$8)) -> 1.8384741 | C14: =-C8*(2*Inputs!$B$6*Inputs!$B$8-C7*Inputs!$B$5*SQRT(Inputs!$B$8))/(2*Inputs!$B$8*Inputs!$B$5*SQRT(Inputs!$B$8)) -> -0.23886469 | D14: =-D8*(2*Inputs!$B$6*Inputs!$B$8-D7*Inputs!$B$5*SQRT(Inputs!$B$8))/(2*Inputs!$B$8*Inputs!$B$5*SQRT(Inputs!$B$8)) -> -2.0979887 | E14: Rate of delta decay over time. Drives OPEX drift.
A15: → Charm per day | B15: =B14/365 -> 0.0050369154 | C15: =C14/365 -> -0.00065442381 | D15: =D14/365 -> -0.0057479142
A16: VOLGA per share | B16: =B12*B6*B7/Inputs!$B$5 -> 3970.543 | C16: =C12*C6*C7/Inputs!$B$5 -> 29.278742 | D16: =D12*D6*D7/Inputs!$B$5 -> 2037.6175 | E16: d²Price/dσ². Matters in tail/stress regimes; near zero ATM.
A18: Portfolio-scale values (10,000 contracts each, SPX mult=100)
A19: $ Gamma per 1% spot move | B19: =B10*10000*Inputs!$B$10*Inputs!$B$4^2*0.01 -> 8.8080215e+08 | C19: =C10*10000*Inputs!$B$10*Inputs!$B$4^2*0.01 -> 6.6182998e+08 | D19: =D10*10000*Inputs!$B$10*Inputs!$B$4^2*0.01 -> 7.6538499e+08
A20: $ Vega per 1 vol pt (per 1 vol pt = 0.01) | B20: =B12*10000*Inputs!$B$10*0.01 -> 10859205 | C20: =C12*10000*Inputs!$B$10*0.01 -> 8159547.6 | D20: =D12*10000*Inputs!$B$10*0.01 -> 9436253.3
A21: $ Vanna per 1% IV change | B21: =B13*0.01*Inputs!$B$4*Inputs!$B$10*10000 -> -1.816589e+08 | C21: =C13*0.01*Inputs!$B$4*Inputs!$B$10*10000 -> -10426089 | D21: =D13*0.01*Inputs!$B$4*Inputs!$B$10*10000 -> 1.2968964e+08
A22: $ Charm per day (delta bleed) | B22: =B15*Inputs!$B$4*Inputs!$B$10*10000 -> 35762099 | C22: =C15*Inputs!$B$4*Inputs!$B$10*10000 -> -4646409.1 | D22: =D15*Inputs!$B$4*Inputs!$B$10*10000 -> -40810191
A24: How to read the dollar values:
A25: $Gamma: if SPX moves 1%, dealer delta changes by this many dollars of SPX exposure.
A26: $Vanna: if IV moves 1 percentage point, dealer delta changes by this many dollars.
A27: $Charm: delta bleeds by this many dollars per calendar day just from time passing.
A29: Why ATM is special: gamma peaks ATM, but vanna and volga are SMALL ATM and LARGER on the wings.
A30: This is why OTM put walls drive vanna/vol-crush flows more than ATM positioning.
